CREATE DATABASE  IF NOT EXISTS `easytravel_db`;
USE `easytravel_db`;
-- MySQL dump 10.13  Distrib 8.0.21, for Win64 (x86_64)
--
-- Host: localhost    Database: easytravel_db
-- ------------------------------------------------------
-- Server version	8.0.21

--
-- Table structure for table `cities`
--

DROP TABLE IF EXISTS `cities`;
CREATE TABLE `cities` (
  `city_key` int NOT NULL,
  `city_name` varchar(45) DEFAULT NULL,
  `image_url` varchar(45) DEFAULT NULL,
  `image_width` varchar(45) DEFAULT NULL,
  `city_path` varchar(45) DEFAULT NULL,
  `page` varchar(45) DEFAULT NULL
) ENGINE=InnoDB DEFAULT CHARSET=utf8mb4 COLLATE=utf8mb4_0900_ai_ci;

--
-- Dumping data for table `cities`
--

LOCK TABLES `cities` WRITE;
INSERT INTO `cities` VALUES (1,'Paris','../images/paris/paris_logo.jpg','20%','/paris','CityPage'),(2,'Amsterdam','../images/amsterdam/amsterdam_logo.jpg','20%','/amsterdam','CityPage'),(3,'London','../images/london/london_logo.jpg','20%','/london','CityPage'),(4,'Edinburgh','../images/edinburgh/edinburgh_logo.jpg','20%','/edinburgh','CityPage'),(5,'Rome','../images/rome/rome_logo.jpg','20%','/rome','CityPage');
UNLOCK TABLES;

--
-- Table structure for table `attractions`
--

DROP TABLE IF EXISTS `attractions`;
CREATE TABLE `attractions` (
  `city_key` int DEFAULT NULL,
  `city_name` varchar(9) DEFAULT NULL,
  `attraction_name` varchar(27) DEFAULT NULL,
  `subheader` varchar(25) DEFAULT NULL,
  `image_url` varchar(51) DEFAULT NULL,
  `first_info` varchar(383) DEFAULT NULL,
  `more_info` varchar(87) DEFAULT NULL,
  `tags` varchar(25) DEFAULT NULL
) ENGINE=InnoDB DEFAULT CHARSET=utf8mb4 COLLATE=utf8mb4_0900_ai_ci;

--
-- Dumping data for table `attractions`
--

LOCK TABLES `attractions` WRITE;
INSERT INTO `attractions` VALUES (1,'Paris','Louvre Museum','Galleries and Museums','./images/paris/attractions/louvre.jpg','Home to Leonardo da Vinci\'s Mona Lisa, the Louvre is considered the world\'s greatest art museum, with an unparalleled collection of items covering the full spectrum of art through the ages.\"','You can find more info at https://www.louvre.fr/en','Galleries and Museums'),(1,'Paris','Musee Marmottan Monet','Galleries and Museums','./images/paris/attractions/monet.jpg','Located in a 19th-century mansion, this museum\'s fabulous collection of Impressionist paintings ranks second only behind the Musée d\'Orsay.','You can find more info at https://www.marmottan.fr/','Galleries and Museums'),(1,'Paris','Bastille Market','Street Markets','./images/paris/attractions/bastille.jpg','One of the biggest Parisian markets, with Place de la Bastille\'s Colonne de Juillet as the backdrop. A hundred or so stalls offer a huge range of products.','You can find more info at https://en.parisinfo.com/shopping-paris/73869/Marche-Bastille','Street Markets'),(1,'Paris','Rue Mouffetard Market','Street Markets','./images/paris/attractions/rue.jpg','A large street market in the Latin Quarter.','You can find more info at https://www.rue-mouffetard.com/market.html','Street Markets'),(1,'Paris','Arc de Triomphe','Historic Sites and Houses','/images/paris/attractions/triomphe.jpg','The Arc de triomphe was begun in 1806, on the orders of Napoleon I to honour. the victories of his Grande Armée. Inspired by the great arches of antiquity, the monument combines the commemorative with the symbolic and it has always played a major role in the national republican consciousness.','You can find more info at http://www.paris-arc-de-triomphe.fr/','Historic Sites and Houses'),(1,'Paris','Sainte-Chapelle','Historic Sites and Houses','./images/paris/attractions/sainte.jpg','The Sainte-Chapelle is the finest royal chapel to be built in France and features a truly exceptional collection of stained-glass windows. It was built in the mid-13th century by Louis IX, at the heart of the royal residence, the Palais de la Cité.','You can find more info at http://www.sainte-chapelle.fr/','Historic Sites and Houses'),(2,'Amsterdam','Anne Frank House','Galleries and Museums','./images/amsterdam/attractions/anne.jpg','The Anne Frank House is a museum with a story. As a visitor, you experience this story through a free audio tour, quotes, photos, videos, and original items.','You can find more info at https://www.annefrank.org/en/','Galleries and Museums'),(2,'Amsterdam','Van Gogh Museum','Galleries and Museums','./images/amsterdam/attractions/vangogh.jpg','Discover the world\'s largest collection of works by Dutch painter Vincent van Gogh, featuring masterpieces such as Sunflowers, The Potato Eaters, Almond Blossom and The Bedroom.','You can find more info at https://www.vangoghmuseum.nl/','Galleries and Museums'),(2,'Amsterdam','Noordermarkt','Street Markets','./images/amsterdam/attractions/noordermarkt.jpg','Amsterdam is THE market city of Holland. Below the ‘Noorderkerk\', on one of the city\'s most beautiful squares, the Noordermarkt takes place on Mondays and Saturdays.','You can find more info at https://noordermarkt-amsterdam.nl/','Street Markets'),(2,'Amsterdam','Albert Cuyp Market','Street Markets','./images/amsterdam/attractions/cuyp.jpg','The city\'s largest street market is just south of the city center.','You can find more info at https://albertcuyp-markt.amsterdam/?lang=en','Street Markets'),(2,'Amsterdam','Concertgebouw','Historic Sites and Houses','./images/amsterdam/attractions/concertgebouw.jpg','The Royal Concertgebouw is one of the world\'s most famous concert halls renowned for its exceptional acoustics. With 700 concerts a year the Concertgebouw offers a varied programme featuring leading international musicians, orchestras, and conductors.','You can find more info at https://www.concertgebouw.nl/','Historic Sites and Houses'),(2,'Amsterdam','St. Nicholas Basilica','Historic Sites and Houses','./images/amsterdam/attractions/basilica.jpg','The colossal St. Nicholas Basilica was built in 1884. It’s one of the few large Catholic churches in Amsterdam that has been predominantly Protestant since the alliteration.','You can find more info at https://www.hotelamsterdamcentre.com/saint-nicholas-basilica/','Historic Sites and Houses'),(3,'London','Big Ben','Galleries and Museums','./images/london/attractions/bigben.jpg','\"The Houses of Parliament and Elizabeth Tower, commonly called Big Ben, are among London\'s most iconic landmarks and must-see London attractions. Technically, Big Ben is the name given to the massive bell inside the clock tower, which weighs more than 13 tons (13,760 kg). The clock tower looks spectacular at night when the four clock faces are illuminated.','You can find more info at visitlondon.com','Galleries and Museums'),(3,'London','Tower Bridge','Historic Sites and Houses','./images/london/attractions/towerbridge.jpg','See inside the most famous bridge in the world and discover the stories behind the engineering, the people, the architecture and the city that built Tower Bridge.','You can find more info at visitlondon.com','Historic Sites and Houses'),(3,'London','Camden Market','Street Markets','./images/london/attractions/camden.jpg','We\'re driven by the belief that you can only keep discovering if you keep looking ... so we\'re always adding interesting stores and traders. No two days are ever the same at Camden Market. Keep checking back to see what\'s new and what\'s next.','You can find more info at https://www.camdenmarket.com/visit-us','Street Markets'),(3,'London','National Gallery','Galleries and Museums','./images/london/attractions/nationalgallery.jpg','Explore the story of European art at the National Gallery, masterpiece by masterpiece, with its collection belonging to the public which includes inspiring works by Botticelli, Leonardo da Vinci, Rembrandt, Gainsborough, Turner, Renoir and Van Gogh. There are free guided tours, audio guides available in multiple languages and free family activities for children of all ages.','You can find more info at visitlondon.com','Galleries and Museums'),(3,'London','Victoria and Albert Museum','Galleries and Museums','./images/london/attractions/victoriaandalbert.jpg','The Victoria and Albert Museum is the world\'s leading museum of art, design, and performance, representing more than 3,000 years of human creativity, with collections unrivaled in their scope and diversity and an inspiring range of events.','You can find more info at visitlondon.com','Galleries and Museums'),(3,'London','Buckingham Palace','Historic Sites and Houses','./images/london/attractions/buckpalace.jpg','Buckingham Palace is the London residence and administrative headquarters of the monarchy of the United Kingdom. Located in the City of Westminster, the palace is often at the centre of state occasions and royal hospitality. It has been a focal point for the British people at times of national rejoicing and mourning.','You can find more info at visitlondon.com','Historic Sites and Houses'),(4,'Edinburgh','National Museum of Scotland','Galleries and Museums','./images/edinburgh/attractions/nationalscotland.jpg','Explore the diversity of the natural world, world cultures, science and technology, art, design and fashion, and Scottish history, all under one roof.','You can find more info at https://www.nms.ac.uk/national-museum-of-scotland/','Galleries and Museums'),(4,'Edinburgh','Scottish National Gallery','Galleries and Museums','./images/edinburgh/attractions/scottishgallery.jpg','Situated in the heart of Edinburgh, the Scottish National Gallery is home to one of the best collections of fine art in the world. This includes masterpieces by Botticelli, Raphael, Titian, Rembrandt, Vermeer, Constable, Turner, Monet, Van Gogh and Gauguin.','https://www.visitscotland.com/info/see-do/scottish-national-gallery-p246151','Galleries and Museums'),(4,'Edinburgh','Stockbridge Market','Street Markets','./images/edinburgh/attractions/stockbridge.jpg','It\'s a foodie heaven and hosts the best street food in Edinburgh, so whether you\'re looking for something special for supper, a continental style lunch, or planning a dinner party - the Stockbridge Market will have some new produce for you to try.','You can find more info at http://www.stockbridgemarket.com/','Street Markets'),(4,'Edinburgh','Edinburgh Farmers Market','Street Markets','./images/edinburgh/attractions/farmers.jpg','Fresh, seasonal produce awaits you at the award-winning Edinburgh Farmers\' Market.','You can find more info at https://www.edinburghfarmersmarket.co.uk/','Street Markets'),(4,'Edinburgh','Palace of Holyroodhouse','Historic Sites and Houses','./images/edinburgh/attractions/holyroodhouse.jpg','Explore the Palace\'s close associations with some of Scotland’s most well-known historic figures such as Mary, Queen of Scots and Bonnie Prince Charlie, and learn how today it is used by The Queen when carrying out official engagements in Scotland.','You can find more info at https://www.rct.uk/visit/palace-of-holyroodhouse','Historic Sites and Houses'),(4,'Edinburgh','The Real Mary Kings Close','Historic Sites and Houses','./images/edinburgh/attractions/marykings.jpg','Hidden beneath the Royal Mile lies Edinburgh’s deepest secret: a warren of hidden ‘closes’ where real people lived, worked and died. For centuries they have lain forgotten and abandoned… until now.','You can find more info at https://www.realmarykingsclose.com/','Historic Sites and Houses'),(5,'Rome','Galleria Borghese','Galleries and Museums','./images/rome/attractions/borghese.jpg','The Museum in the beautiful setting of Villa Borghese in Rome preserves sculptures, reliefs and ancient mosaics, and paintings and sculptures from the fifteenth to the eighteenth century.','You can find more info at https://galleriaborghese.beniculturali.it/','Galleries and Museums'),(5,'Rome','Palazzo Doria Pamphilj','Galleries and Museums','./images/rome/attractions/pamphilj.jpg','Stunning palace located in a central location. Full of galleries of gorgeous paintings. Make sure to ask for the audio guide to get the full experience.','You can find more info at https://www.doriapamphilj.it/roma/','Galleries and Museums'),(5,'Rome','Mercato Trionfale','Street Markets','./images/rome/attractions/trionfale.jpg','Trionfale market is considered the first corner market in Rome and with its 273 stalls is the biggest in town, and among the biggest ones in Italy and even in Europe. Open on Giulio Cesare avenue at the end of ‘800, for years it has been a transit spot for those going out of town or hunting and stopped with carriage or horses to refuel. At that time, it was countryside all around.','You can find more info at http://marketsofrome.com/food-market/102-trionfale-market','Street Markets'),(5,'Rome','Mercato dei Fiori','Street Markets','./images/rome/attractions/fiori.jpg','Many words have been written about the market at Campo dei Fiori in Rome. It has been part of the long history of the capital and has appeared in the scenes of many films. Here you can find some practical information to fully enjoy the market and its unique atmosphere, where ancient and modern live together.','You can find more info at https://www.mercatofiori.com/','Street Markets'),(5,'Rome','Roman Forum','Historic Sites and Houses','./images/rome/attractions/romanforum.jpg','The Roman Forum was where religious and public life in ancient Rome took place. Forum is, along with the Colosseum, the greatest sign of the splendour of the Roman Empire that can be seen today.','You can find more info at https://www.rome.net/roman-forum','Historic Sites and Houses'),(5,'Rome','Colosseum','Historic Sites and Houses','./images/rome/attractions/colosseum.jpg','Perhaps the best-preserved of the monuments of ancient Rome, this huge marble structure was built to hold more than 50,000 spectators to witness bloody contests of might and the slaughter of wild beasts.','You can find more info at https://www.coopculture.it/en/colosseo-e-shop.cfm','Historic Sites and Houses');
UNLOCK TABLES;

--
-- Table structure for table `restaurants`
--

DROP TABLE IF EXISTS `restaurants`;
CREATE TABLE `restaurants` (
  `city_key` int DEFAULT NULL,
  `city_name` varchar(30) DEFAULT NULL,
  `restaurant_name` varchar(30) DEFAULT NULL,
  `subheader` varchar(30) DEFAULT NULL,
  `image_url` varchar(60) DEFAULT NULL,
  `first_info` varchar(600) DEFAULT NULL,
  `more_info` varchar(100) DEFAULT NULL,
  `tags` varchar(100) DEFAULT NULL
) ENGINE=InnoDB DEFAULT CHARSET=utf8mb4 COLLATE=utf8mb4_0900_ai_ci;

--
-- Dumping data for table `restaurants`
--

LOCK TABLES `restaurants` WRITE;
INSERT INTO `restaurants` VALUES (1,'Paris','Chez Ajia','Asian','./images/paris/restaurants/chez.jpeg','\"A few steps from the metro Saint-Paul, Chez Ajia offers a culinary journey to the small island of Taiwan. In a cozy and modern setting, discover traditional family cooking, which will not fail to awaken your taste buds.','You can find more info at http://www.ajia.fr/','Asian'),(1,'Paris','Royal Dragon','Asian','./images/paris/restaurants/royaldragon.jpg','Taste mouthwatering nems, sushi and soup that are served at Royal DRAGON. If hungry, come here for tasty parfait, beignets and tiramisu. Good wine is among the best drinks to try.','You can find more info at https://www.facebook.com/royalDraogon/','Asian'),(1,'Paris','Via Emilia','Italian','./images/paris/restaurants/viaemilia.jpg','The cozy atmosphere of this place allows guests to relax after a hard-working day. The competent staff works hard, stays positive and makes this place great. If you want to experience fabulous service, you should visit this spot.','You can find more info at http://www.facebook.com/viaemiliaristorante','Italian'),(1,'Paris','Tra di Noi','Italian','./images/paris/restaurants/noi.png','Absolutely brilliant. Off the tourist trail, but a must visit. Very authentic Italian food, great service, faultless all round.','You can find more info at https://www.facebook.com/tradinoiparis/','Italian'),(1,'Paris','La Table de Colette','Local Food','./images/paris/restaurants/colette.jpg','A mix of welcoming staff, incredible, down to earth owner and amazing, fresh food makes this place very special.','You can find more info at http://www.latabledecolette.fr/','Local Food'),(1,'Paris','Boutary','Local Food','./images/paris/restaurants/boutary.jpg','Boutary is a chic and trendy \'boutique bistro\' with traditional French roots but a modern and affordable approach to gastronomic cuisine.','You can find more info at http://www.boutary-restaurant.com/','Local Food'),(2,'Amsterdam','Tasty Asia','Asian','./images/amsterdam/restaurants/tastyasia.jpg','A small, but cozy asian fusion restaurant nearby the famous Rembrandt Square.','You can find more info at http://www.tasty-asia.nl/','Asian'),(2,'Amsterdam','Rakang','Asian','./images/amsterdam/restaurants/rakang.jpg','Situated in Amsterdams nicest area Jordaan, Rakang is a place you shouldn\'t miss. It\'s a place that stimulates your creativity and definitely guarantees you lots of fun.','You can find more info at http://www.rakang.nl/','Asian'),(2,'Amsterdam','Dope','Italian','./images/amsterdam/restaurants/dope.jpg','Exceptional pizza with top notch ingredients and very reasonable value for the money.','You can find more info at https://www.pizzariadope-amsterdam.nl/','Italian'),(2,'Amsterdam','Bussia','Italian','./images/amsterdam/restaurants/bussia.jpg','The best dinner of our week in Amsterdam. The food, service, and atmosphere are perfectly aligned.','You can find more info at http://www.bussia.nl/','Italian'),(2,'Amsterdam','De Silveren Spiegel','Local Food','./images/amsterdam/restaurants/spiegel.jpg','Elegance, tradition and hospitality are the core traits of one of Amsterdam’s finest restaurants, de Silveren Spiegel (the Silver Mirror).','You can find more info at https://www.desilverenspiegel.com/','Local Food'),(2,'Amsterdam','VISSER Amsterdam','Local Food','./images/amsterdam/restaurants/visser.jpg','Fantastic spot in the beautiful and busy Jordaan area of Amsterdam.','You can find more info at http://www.visseramsterdam.nl/','Local Food'),(3,'London','Amrutha Lounge','Asian','./images/london/restaurants/amruthalounge.jpg','Innovative vegan dishes and heart-warming classics are lovingly prepared on the premises our chefs on a daily basis. The food is made from scratch with an emphasis on taking simple ingredients and elevating them to extraordinary levels, that’s our version of ‘Vegan Soul Food’.','You can find more info at https://www.amrutha.co.uk/','Asian'),(3,'London','Yuu Kitchen','Asian','./images/london/restaurants/yuukitchen.jpg','Yuu Kitchen Restaurant features authentic Japanese and South-East Asian flavours. This new gastronomy concept, uses the highest quality produce executed with precision cooking in a fun and exciting setting. The menu is designed for sharing with a choice of small plates that will take you on an explosive flavour journey. Indulge in Asian favourites like gourmet Bao, Korean Ssam and Chicken Karaage.','You can find more info at https://www.yuukitchen.com/','Asian'),(3,'London','E Pellicci','Italian','./images/london/restaurants/epellicci.jpg','A classic East London café that has been serving the local community for over a century!','You can find more info at https://epellicci.co.uk/','Italian'),(3,'London','Morso Abbey Road','Italian','./images/london/restaurants/morsoabbeyroad.jpg','Morso is a modern community-centred restaurant and bar, serving hand-crafted fresh pasta small plates of Italian bites alongside innovative Grappa-based cocktails.','You can find more info at https://www.morsolondon.co.uk/','Italian'),(3,'London','The Lounge Cafe','Local Food','./images/london/restaurants/theloungecafe.jpg','The Victoria and Albert Museum is the world\'s leading museum of art, design, and performance, more than 3,000 years of human creativity, with collections unrivaled in their scope and diversity and an inspiring range of events.','You can find more info at https://www.facebook.com/loungecafewembley/','Local Food'),(3,'London','The Golden Chippy','Local Food','./images/london/restaurants/thegoldenchippy.jpg','Golden Chippy is one of the most popular Fish and Chips Takeaway in Greenwich, London. The food is bursting with flavour that will never disappoint!','You can find more info at https://thegoldenchippy.has.restaurant/','Local Food'),(4,'Edinburgh','Chizuru Tei','Asian','./images/edinburgh/restaurants/chizurutei.jpg','Fresh and quality Japanese food at reasonable price!','You can find more info at https://www.chizurutei.co.uk/','Asian'),(4,'Edinburgh','Wee Buddha','Asian','./images/edinburgh/restaurants/weebuddha.jpg','Eclectic asian food, washed down with draught/bottled beer, cocktails or wine ...','You can find more info at http://www.weebuddha.co.uk/','Asian'),(4,'Edinburgh','Ristorante Isola','Italian','./images/edinburgh/restaurants/isola.jpg','Isola is specialize in regional Sardinian and Mediterranean cuisine.','You can find more info at https://www.ristoranteisola.co.uk/','Italian'),(4,'Edinburgh','Locanda De Gusti','Italian','./images/edinburgh/restaurants/gusti.jpg','TSouthern Italian using the very best of Italian and local Scottish produce.','You can find more info at http://www.locandadegusti.com/','Italian'),(4,'Edinburgh','The Kitchin','Local Food','./images/edinburgh/restaurants/kitchin.jpg','The Kitchin presents modern British seasonal cuisine influenced by French cooking techniques and an appreciation of the best quality ingredients available from Scotland\'s fantastic natural larder.','You can find more info at https://thekitchin.com/','Local Food'),(4,'Edinburgh','Cafe Marmalade','Local Food','./images/edinburgh/restaurants/marmalade.jpg','Outstanding service in a very pleasant atmosphere to go with excellent food.','You can find more info at https://www.facebook.com/cafemarmaladeleith/','Local Food'),(5,'Rome','Shiroya','Asian','./images/rome/restaurants/shiroya.jpg','The best Japanese eating experience in Italy. As good as the best restaurants in Tokyo! Authentic, wellprepared.','You can find more info at http://www.shiroya.it/','Asian'),(5,'Rome','Lamian Bar','Asian','./images/rome/restaurants/lamianbar.jpg','Excellent restaurant. Fantastic cuisine. Extremely helpful staff.','You can find more info at https://www.facebook.com/lamianbar/','Asian'),(5,'Rome','Bono Bottega Nostrana','Italian','./images/rome/restaurants/bono.jpg','Fabulous little gem in Rome, superb food. Simple sandwiches and taster boards lovingly crafted. Lots of drinks for all tastes. An absolute must for your visit to Rome.','You can find more info at http://www.botteganostrana.com/','Italian'),(5,'Rome','Vulio','Italian','./images/rome/restaurants/vulio.jpg','In the center of Rome, near Vatican City, a cool fast food of tipical apulian products.','You can find more info at https://www.facebook.com/vuliopuglia/','Italian'),(5,'Rome','Ristorante Nerone','Local Food','./images/rome/restaurants/ristorante.jpg','Incredible oasis of friendly service and amazing food.','You can find more info at http://www.neronealviminale.it/','Local Food'),(5,'Rome','Pinsitaly Trevi','Local Food','./images/rome/restaurants/pinsitaly.jpg','Excellent food, service and perfect rice balls. Defiantly worth stopping here for a quick bite. A little slice of Italy tucked away.','You can find more info at https://pinsitaly.com/','Local Food');
UNLOCK TABLES;